<?xml version="1.0" encoding="UTF-8"?>
<metadata>
   <idinfo>
      <citation>
         <citeinfo>
            <origin>U.S. Department of Commerce, U.S. Census Bureau, Geography 
                    Division</origin>
            <pubdate>2016</pubdate>
            <title>TIGER/Line Shapefile, 2016,  county, Santa Fe County, NM, Linear Hydrography County-based Shapefile</title>
            <edition>2016</edition>
            <geoform>vector digital data</geoform>
            <onlink>http://www2.census.gov/geo/tiger/TIGER2016/LINEARWATER/tl_2016_35049_linearwater.zip</onlink>
         </citeinfo>
      </citation>
      <descript>
         <abstract>The TIGER/Line shapefiles and related database files (.dbf) are an extract of selected geographic and cartographic information from the U.S. Census Bureau's Master Address File / Topologically Integrated Geographic Encoding and Referencing (MAF/TIGER) Database (MTDB).  The MTDB represents a seamless national file with no overlaps or gaps between parts, however, each TIGER/Line shapefile is designed to stand alone as an independent data set, or they can be combined to cover the entire nation.


Linear Water Features includes single-line drainage water features and artificial path features that run through double-line drainage features such as rivers and streams, and serve as a linear representation of these features.  The artificial path features may correspond to those in the USGS National Hydrographic Dataset (NHD).  However, in many cases the features do not match NHD equivalent feature and will not carry the NHD metadata codes.  These features have a MAF/TIGER Feature Classification Code (MTFCC) beginning with an "H" to indicate the super class of Hydrographic Features.  
</abstract>
         <purpose>In order for others to use the information in the Census MAF/TIGER database in a geographic information system (GIS) or for other geographic applications, the Census Bureau releases to the public extracts of the database in the form of TIGER/Line Shapefiles.</purpose>
      </descript>
      <timeperd>
         <timeinfo>
            <rngdates>
               <begdate>201506</begdate>
               <enddate>201605</enddate>
            </rngdates>
         </timeinfo>
         <current>Publication Date</current>
      </timeperd>
      <status>
         <progress>Complete</progress>
         <update>No changes or updates will be made to this version of the TIGER/Line Shapefiles.  Future releases of TIGER/Line Shapefiles will reflect updates made to the Census MAF/TIGER database.</update>
      </status>
      <spdom>
         <bounding>
            <westbc>-106.250499</westbc>
            <eastbc>-105.714419</eastbc>
            <northbc>36.00232</northbc>
            <southbc>35.040003</southbc>
         </bounding>
      </spdom>
      <keywords>
         <theme>
            <themekt>None</themekt>
            <themekey>County or equivalent entity</themekey>
            <themekey>LinearFeature</themekey>
            <themekey>Hydrography</themekey>
         </theme>
         <theme>
            <themekt>ISO 19115 Topic Categories</themekt>
            <themekey>InlandWaters</themekey>
         </theme>
         <place>
            <placekt>ANSI INCITS 38:2009 (Formerly FIPS 5-2), 
                              ANSI INCITS 31:2009 (Formerly FIPS 6-4),ANSI 
                              INCITS 454:2009 (Formerly FIPS 8-6), ANSI INCITS 
                              455:2009(Formerly FIPS 9-1), ANSI INCITS 446:2008                           (Geographic Names Information System (GNIS))
</placekt>
            <placekey>
United States
</placekey>
            <placekey>
U.S.
</placekey>
            <placekey>
County or Equivalent Entity
</placekey>
            <placekey>
Santa Fe
</placekey>
            <placekey>
35049
</placekey>
         </place>
      </keywords>
      <accconst>None</accconst>
      <useconst>The TIGER/Line Shapefile products are not copyrighted however TIGER/Line and Census TIGER are registered trademarks of the U.S. Census Bureau.  These products are free to use in a product or publication, however acknowledgement must be given to the U.S. Census Bureau as the source.
The horizontal spatial accuracy information present in these files is provided for the purposes of statistical analysis and census operations only.  No warranty, expressed or implied is made with regard to the accuracy of the spatial accuracy, and no liability is assumed by the U.S. Government in general or the U.S. Census Bureau, specifically as to the spatial or attribute accuracy of the data.  The TIGER/Line Shapefiles may not be suitable for high-precision measurement applications such as engineering problems, property transfers, or other uses that might require highly accurate measurements of the earth's surface.Coordinates in the TIGER/Line shapefiles have six implied decimal places, but the positional accuracy of these coordinates is not as great as the six decimal places suggest.</useconst>
      <ptcontac>
         <cntinfo>
            <cntorgp>
               <cntorg>U.S. Department of Commerce, U.S. Census Bureau, 
                         Geography Division, Spatial Data Collection and Products Branch</cntorg>
            </cntorgp>
            <cntaddr>
               <addrtype>mailing</addrtype>
               <address>4600 Silver Hill Road, Stop 7400</address>
               <city>Washington</city>
               <state>DC</state>
               <postal>20233-7400</postal>
               <country>United States</country>
            </cntaddr>
            <cntvoice>301-763-1128</cntvoice>
            <cntfax>301-763-4710</cntfax>
            <cntemail>geo.geography@census.gov</cntemail>
         </cntinfo>
      </ptcontac>
   </idinfo>
   <dataqual>
      <attracc>
         <attraccr>Accurate against National Standard Codes, Federal Information Processing (FIPS) and the Geographic Names Information System (GNIS) at the 100% level for the codes and base names.  The remaining attribute information has been examined but has not been fully tested for accuracy.</attraccr>
      </attracc>
      <logic>There may be some inconsistencies in feature names along features.  An anomaly exists with the sporadic occurrence of road segments comprising a complete chain with different MAF/TIGER Feature Census Class Code (MTFCC) values assigned.  This problem could affect applications that use the MTFCC values for network analysis, routing, or for assigning symbology to a feature when creating a map.
The Census Bureau performed automated tests to ensure logical consistency and limits of shapefiles.  Node/geometry and topology relationships are collected or generated to satisfy topological edit requirements.  These requirements include:
(1) Complete chains must begin and end at nodes.
(2) Complete chains must connect to each other at nodes.
(3) Complete chains do not extend through nodes.
(4) Left and right polygons are defined for each complete chain element and are consistent throughout the extract process.
(5) The chains representing the limits of the files are free of gaps.</logic>
      <complete>Data completeness of the TIGER/Line Shapefiles reflects the contents of the Census MAF/TIGER database at the time the TIGER/Line Shapefiles were created.</complete>
      <posacc>
         <horizpa>
            <horizpar>The Census Bureau uses Global Positioning System (GPS) coordinates at road centerline intersections to evaluate the horizontal spatial accuracy of source files that may be used to realign road features in the MAF/TIGER database and test the horizontal spatial accuracy of the road features in the TIGER/Line Shapefiles.  The test compares a survey-grade GPS coordinate to its associated road centerline intersection in the TIGER/Line Shapefiles.  The test is based on an independent collection of GPS coordinates for a random sample of road intersections from a centerline file that meet certain criteria.  The points are referred to as the sample points and are gathered through a private contractor working for the Census Bureau.  Since the collection method uses survey-quality GPS-based field techniques, the resulting control points are considered 'ground truth' against which the TIGER road centerline intersection coordinates are compared.  The distances between the coordinates are calculated and the Census Bureau determines the Circular Error 95% (CE95).  That is, the accuracy of the file in meters with 95% confidence.  The CE95 can be calculated from the mean and standard deviation by using the formula: mean of differences plus (2.65 times the standard deviation).  CE95 results reported for each file tested are determined using a spreadsheet with embedded statistical formula.  The use and applicability of the spreadsheet and its embedded formula have been verified by Census Bureau statisticians.  The basis of the calculation is the use of the root mean square error (RMSE).  This is the method as stated in the U.S. Government's Federal Geographic Data Committee Standard FGDC-STD-007.3-1998, Geospatial Positioning Accuracy Standards.  Part 3: National Standard for Spatial Data Accuracy.  The results of using this measure of accuracy are in compliance with Federal Spatial Data requirements.  In terms of the Census Bureau application, the dataset coordinate values are those taken from the centerline file and the coordinate values from an independent source of higher accuracy are those acquired through the Census Bureau's contractor.  Please note that the horizontal spatial accuracy, where reported, refers only to the realigned road features identified as matched to the positionally accurate source file with that accuracy.  It is not the spatial accuracy of the TIGER/Line Shapefile as a whole.</horizpar>
            <qhorizpa>
               <horizpav>4.415 meters for 7011</horizpav>
               <horizpae>The Census Bureau uses root mean square error (RMSE) as stated in the FGDC-STD-007. 3-1998, Geospatial Positioning Accuracy Standards, Part 3: National Standard for Spatial Data Accuracy.</horizpae>
            </qhorizpa>
            <qhorizpa>
               <horizpav>6.595 meters for 124</horizpav>
               <horizpae>The Census Bureau uses root mean square error (RMSE) as stated in the FGDC-STD-007. 3-1998, Geospatial Positioning Accuracy Standards, Part 3: National Standard for Spatial Data Accuracy.</horizpae>
            </qhorizpa>
            <qhorizpa>
               <horizpav>4.898 meters for 5934</horizpav>
               <horizpae>The Census Bureau uses root mean square error (RMSE) as stated in the FGDC-STD-007. 3-1998, Geospatial Positioning Accuracy Standards, Part 3: National Standard for Spatial Data Accuracy.</horizpae>
            </qhorizpa>
         </horizpa>
      </posacc>
      <lineage>
         <srcinfo>
            <srccite>
               <citeinfo>
                  <origin>U.S. Department of Commerce, U.S. Census Bureau, Geography Division</origin>
                  <pubdate>Unpublished material</pubdate>
                  <title>Census MAF/TIGER database</title>
               </citeinfo>
            </srccite>
            <typesrc>online</typesrc>
            <srctime>
               <timeinfo>
                  <rngdates>
                     <begdate>201506</begdate>
                     <enddate>201605</enddate>
                  </rngdates>
               </timeinfo>
               <srccurr>Publication Date</srccurr>
            </srctime>
            <srccitea>MAF/TIGER</srccitea>
            <srccontr>All line segments</srccontr>
         </srcinfo>
         <srcinfo>
            <srccite>
               <citeinfo>
                  <origin>124
				Bernalillo County
				Information Technologies</origin>
                  <pubdate>20010601</pubdate>
                  <title>PWROADS-BERNCO</title>
               </citeinfo>
            </srccite>
            <typesrc>Internet Download</typesrc>
            <srctime>
               <timeinfo>
                  <rngdates>
                     <begdate>20010601</begdate>
                     <enddate>20010601</enddate>
                  </rngdates>
               </timeinfo>
               <srccurr>Publication Date</srccurr>
            </srctime>
            <srccitea>None</srccitea>
            <srccontr>All line segments</srccontr>
         </srcinfo>
         <srcinfo>
            <srccite>
               <citeinfo>
                  <origin>124
				Bernalillo County
				Information Technologies</origin>
                  <pubdate>20010601</pubdate>
                  <title>PWROADS-BERNCO</title>
               </citeinfo>
            </srccite>
            <typesrc>Internet Download</typesrc>
            <srctime>
               <timeinfo>
                  <rngdates>
                     <begdate>20010601</begdate>
                     <enddate>20010601</enddate>
                  </rngdates>
               </timeinfo>
               <srccurr>Publication Date</srccurr>
            </srctime>
            <srccitea>None</srccitea>
            <srccontr>Coordinates to realign selected hydrographic features in the Census MAF/TIGER database.</srccontr>
         </srcinfo>
         <srcinfo>
            <srccite>
               <citeinfo>
                  <origin>124
				Bernalillo County
				Information Technologies</origin>
                  <pubdate>20021001</pubdate>
                  <title>PWROADS-BERNCO</title>
               </citeinfo>
            </srccite>
            <typesrc>Internet Download</typesrc>
            <srctime>
               <timeinfo>
                  <rngdates>
                     <begdate>20021001</begdate>
                     <enddate>20021001</enddate>
                  </rngdates>
               </timeinfo>
               <srccurr>Ground Condition</srccurr>
            </srctime>
            <srccitea>None</srccitea>
            <srccontr>Coordinates to realign selected road features in the Census MAF/TIGER database.</srccontr>
         </srcinfo>
         <srcinfo>
            <srccite>
               <citeinfo>
                  <origin>3991
				USGS - National Hydrography Dataset
				Coordination and Requirements (C&amp;R)</origin>
                  <pubdate>Unknown</pubdate>
                  <title>National Hydrography Dataset - High Res.</title>
               </citeinfo>
            </srccite>
            <typesrc>Internet Download</typesrc>
            <srctime>
               <timeinfo>
                  <rngdates>
                     <begdate>Unknown</begdate>
                     <enddate>Unknown</enddate>
                  </rngdates>
               </timeinfo>
               <srccurr>Unknown</srccurr>
            </srctime>
            <srccitea>None</srccitea>
            <srccontr>Coordinates to realign selected hydrographic features in the Census MAF/TIGER database.</srccontr>
         </srcinfo>
         <srcinfo>
            <srccite>
               <citeinfo>
                  <origin>4872
				USGS - National Hydrography Dataset
				Coordination and Requirements (C&amp;R)</origin>
                  <pubdate>Unknown</pubdate>
                  <title>National Hydrography Dataset - High Res.</title>
               </citeinfo>
            </srccite>
            <typesrc>Internet Download</typesrc>
            <srctime>
               <timeinfo>
                  <rngdates>
                     <begdate>Unknown</begdate>
                     <enddate>Unknown</enddate>
                  </rngdates>
               </timeinfo>
               <srccurr>Unknown</srccurr>
            </srctime>
            <srccitea>None</srccitea>
            <srccontr>Coordinates to realign selected hydrographic features in the Census MAF/TIGER database.</srccontr>
         </srcinfo>
         <srcinfo>
            <srccite>
               <citeinfo>
                  <origin>5934
				Santa Fe County
				GIS Division</origin>
                  <pubdate>Unknown</pubdate>
                  <title>Santa Fe County GIS</title>
               </citeinfo>
            </srccite>
            <typesrc>FTP</typesrc>
            <srctime>
               <timeinfo>
                  <rngdates>
                     <begdate>Unknown</begdate>
                     <enddate>Unknown</enddate>
                  </rngdates>
               </timeinfo>
               <srccurr>Publication Date</srccurr>
            </srctime>
            <srccitea>None</srccitea>
            <srccontr>Coordinates to realign selected road features in the Census MAF/TIGER database.</srccontr>
         </srcinfo>
         <srcinfo>
            <srccite>
               <citeinfo>
                  <origin>6919
				USGS - National Hydrography Dataset
				Coordination and Requirements (C&amp;R)</origin>
                  <pubdate>Unknown</pubdate>
                  <title>National Hydrography Dataset - High Res.</title>
               </citeinfo>
            </srccite>
            <typesrc>Internet Download</typesrc>
            <srctime>
               <timeinfo>
                  <rngdates>
                     <begdate>Unknown</begdate>
                     <enddate>Unknown</enddate>
                  </rngdates>
               </timeinfo>
               <srccurr>Unknown</srccurr>
            </srctime>
            <srccitea>None</srccitea>
            <srccontr>Coordinates to realign selected hydrographic features in the Census MAF/TIGER database.</srccontr>
         </srcinfo>
         <srcinfo>
            <srccite>
               <citeinfo>
                  <origin>7011
				Harris Corporation</origin>
                  <pubdate>Unknown</pubdate>
                  <title>San Miguel NM HAS Collect</title>
               </citeinfo>
            </srccite>
            <typesrc>Unknown</typesrc>
            <srctime>
               <timeinfo>
                  <rngdates>
                     <begdate>Unknown</begdate>
                     <enddate>Unknown</enddate>
                  </rngdates>
               </timeinfo>
               <srccurr>Unknown</srccurr>
            </srctime>
            <srccitea>None</srccitea>
            <srccontr>Coordinates to realign selected road features in the Census MAF/TIGER database.</srccontr>
         </srcinfo>
         <srcinfo>
            <srccite>
               <citeinfo>
                  <origin>7190
				Census Bureau - Geography Division
				US Census Bureau - Geo Div - LFGPB</origin>
                  <pubdate>Unknown</pubdate>
                  <title>2010 ADCAN GPS Feature Updates</title>
               </citeinfo>
            </srccite>
            <typesrc>Unknown</typesrc>
            <srctime>
               <timeinfo>
                  <rngdates>
                     <begdate>Unknown</begdate>
                     <enddate>Unknown</enddate>
                  </rngdates>
               </timeinfo>
               <srccurr>Unknown</srccurr>
            </srctime>
            <srccitea>None</srccitea>
            <srccontr>Coordinates to realign selected road features in the Census MAF/TIGER database.</srccontr>
         </srcinfo>
         <srcinfo>
            <srccite>
               <citeinfo>
                  <origin>7191
				Census Bureau - Geography Division
				US Census Bureau - Geo Div - LFGPB</origin>
                  <pubdate>Unknown</pubdate>
                  <title>2010 ADCAN Manual Feature Updates</title>
               </citeinfo>
            </srccite>
            <typesrc>Unknown</typesrc>
            <srctime>
               <timeinfo>
                  <rngdates>
                     <begdate>Unknown</begdate>
                     <enddate>Unknown</enddate>
                  </rngdates>
               </timeinfo>
               <srccurr>Unknown</srccurr>
            </srctime>
            <srccitea>None</srccitea>
            <srccontr>Coordinates to realign selected road features in the Census MAF/TIGER database.</srccontr>
         </srcinfo>
         <srcinfo>
            <srccite>
               <citeinfo>
                  <origin>12651
				Acquired from USDA</origin>
                  <pubdate>2014</pubdate>
                  <title>35_NM_2014_NAIP</title>
               </citeinfo>
            </srccite>
            <typesrc>Unknown</typesrc>
            <srctime>
               <timeinfo>
                  <rngdates>
                     <begdate>2014</begdate>
                     <enddate>2014</enddate>
                  </rngdates>
               </timeinfo>
               <srccurr>2014</srccurr>
            </srctime>
            <srccitea>None</srccitea>
            <srccontr>All line segments</srccontr>
         </srcinfo>
         <srcinfo>
            <srccite>
               <citeinfo>
                  <origin>12652
				Acquired from USDA</origin>
                  <pubdate>2014</pubdate>
                  <title>35_NM_2014_NAIP</title>
               </citeinfo>
            </srccite>
            <typesrc>Unknown</typesrc>
            <srctime>
               <timeinfo>
                  <rngdates>
                     <begdate>2014</begdate>
                     <enddate>2014</enddate>
                  </rngdates>
               </timeinfo>
               <srccurr>2014</srccurr>
            </srctime>
            <srccitea>None</srccitea>
            <srccontr>All line segments</srccontr>
         </srcinfo>
         <srcinfo>
            <srccite>
               <citeinfo>
                  <origin>12653
				Acquired from USDA</origin>
                  <pubdate>2014</pubdate>
                  <title>35_NM_2014_NAIP</title>
               </citeinfo>
            </srccite>
            <typesrc>Unknown</typesrc>
            <srctime>
               <timeinfo>
                  <rngdates>
                     <begdate>2014</begdate>
                     <enddate>2014</enddate>
                  </rngdates>
               </timeinfo>
               <srccurr>2014</srccurr>
            </srctime>
            <srccitea>None</srccitea>
            <srccontr>All line segments</srccontr>
         </srcinfo>
         <srcinfo>
            <srccite>
               <citeinfo>
                  <origin>12654
				Acquired from USDA</origin>
                  <pubdate>2014</pubdate>
                  <title>35_NM_2014_NAIP</title>
               </citeinfo>
            </srccite>
            <typesrc>Unknown</typesrc>
            <srctime>
               <timeinfo>
                  <rngdates>
                     <begdate>2014</begdate>
                     <enddate>2014</enddate>
                  </rngdates>
               </timeinfo>
               <srccurr>2014</srccurr>
            </srctime>
            <srccitea>None</srccitea>
            <srccontr>All line segments</srccontr>
         </srcinfo>
         <procstep>
            <procdesc>TIGER/Line Shapefiles are extracted from the Census MAF/TIGER database by nation, state, county, and entity.  Census MAF/TIGER data for all of the aforementioned geographic entities are then distributed among the shapefiles each containing attributes for line, polygon, or landmark geographic data. </procdesc>
            <srcused>MAF/TIGER</srcused>
            <procdate>2016</procdate>
         </procstep>
      </lineage>
   </dataqual>
   <spdoinfo>
      <indspref>Federal Information Processing Series (FIPS), Geographic Names Information System (GNIS), and feature names.</indspref>
      <direct>Vector</direct>
      <ptvctinf>
         <sdtsterm>
            <sdtstype>Complete chain</sdtstype>
            <ptvctcnt>1198</ptvctcnt>
         </sdtsterm>
      </ptvctinf>
   </spdoinfo>
   <spref>
      <horizsys>
         <geograph>
            <latres>0.000458</latres>
            <longres>0.000458</longres>
            <geogunit>Decimal degrees</geogunit>
         </geograph>
         <geodetic>
            <horizdn>North American Datum of 1983</horizdn>
            <ellips>Geodetic Reference System 80</ellips>
            <semiaxis>6378137</semiaxis>
            <denflat>298.257</denflat>
         </geodetic>
      </horizsys>
   </spref>
   <eainfo>
      <detailed>
         <enttyp>
            <enttypl>LINEARWATER.shp</enttypl>
            <enttypd>Linear Hydrography County-based</enttypd>
            <enttypds>U.S. Census Bureau</enttypds>
         </enttyp>
         <attr>
            <attrlabl>ANSICODE</attrlabl>
            <attrdef>Current official code for the landmark for use by federal agencies for data transfer and dissemination</attrdef>
            <attrdefs>U.S. Census Bureau</attrdefs>
            <attrdomv>
               <codesetd>
                  <codesetn>INCITS 446:2008 (Geographic Names Information System (GNIS)), Identifying Attributes for Named Physical and Cultural Geographic Features (Except Roads and Highways) of the United States, Its Territories, Outlying Areas, and Freely Associated Areas, and the Waters of the Same to the Limit of the Twelve-Mile Statutory Zone</codesetn>
                  <codesets>U.S. Geological Survey (USGS)</codesets>
               </codesetd>
            </attrdomv>
         </attr>
         <attr>
            <attrlabl>LINEARID</attrlabl>
            <attrdef>Linear feature identifier</attrdef>
            <attrdefs>U.S. Census Bureau</attrdefs>
            <attrdomv>
               <udom>Values for this attribute are composed of a set of Linear feature IDs. As such, they do not exist in a known, predefined set.</udom>
            </attrdomv>
         </attr>
         <attr>
            <attrlabl>FULLNAME</attrlabl>
            <attrdef>Concatenation of expanded text for prefix qualifier, prefix direction, prefix type, base name, suffix type, suffix direction, and suffix qualifier (as available) with a space between each expanded text field</attrdef>
            <attrdefs>U.S. Census Bureau</attrdefs>
            <attrdomv>
               <udom>Values for this attribute are composed of a set of names. As such, they do not exist in a known, predefined set.</udom>
            </attrdomv>
         </attr>
         <attr>
            <attrlabl>ARTPATH</attrlabl>
            <attrdef>Artificial path indicator</attrdef>
            <attrdefs>U.S. Census Bureau</attrdefs>
            <attrdomv>
               <edom>
                  <edomv>C</edomv>
                  <edomvd>Census or Local Artificial Path</edomvd>
                  <edomvds>U.S. Census Bureau</edomvds>
               </edom>
            </attrdomv>
            <attrdomv>
               <edom>
                  <edomv>N</edomv>
                  <edomvd>Not an Artificial Path (default)</edomvd>
                  <edomvds>U.S. Census Bureau</edomvds>
               </edom>
            </attrdomv>
            <attrdomv>
               <edom>
                  <edomv>U</edomv>
                  <edomvd>USGS Artificial Path or Connector Inside Water</edomvd>
                  <edomvds>U.S. Census Bureau</edomvds>
               </edom>
            </attrdomv>
         </attr>
         <attr>
            <attrlabl>MTFCC</attrlabl>
            <attrdef>MAF/TIGER feature class code</attrdef>
            <attrdefs>U.S. Census Bureau</attrdefs>
            <attrdomv>
               <edom>
                  <edomv>H1100</edomv>
                  <edomvd>Connector</edomvd>
                  <edomvds>U.S. Census Bureau</edomvds>
               </edom>
            </attrdomv>
            <attrdomv>
               <edom>
                  <edomv>H3010</edomv>
                  <edomvd>Stream/River</edomvd>
                  <edomvds>U.S. Census Bureau</edomvds>
               </edom>
            </attrdomv>
            <attrdomv>
               <edom>
                  <edomv>H3013</edomv>
                  <edomvd>Braided Stream</edomvd>
                  <edomvds>U.S. Census Bureau</edomvds>
               </edom>
            </attrdomv>
            <attrdomv>
               <edom>
                  <edomv>C3020</edomv>
                  <edomvd>Canal, Ditch or Aqueduct</edomvd>
                  <edomvds>U.S. Census Bureau Entity_and_Attribute_Information:</edomvds>
               </edom>
            </attrdomv>
         </attr>
      </detailed>
   </eainfo>
   <distinfo>
      <distrib>
         <cntinfo>
            <cntorgp>
               <cntorg>U.S. Department of Commerce, U.S. Census Bureau, Geography Division, Spatial Data Collection and Products Branch</cntorg>
            </cntorgp>
            <cntaddr>
               <addrtype>mailing</addrtype>
               <address>4600 Silver Hill Road, Stop 7400</address>
               <city>Washington</city>
               <state>DC</state>
               <postal>20233-7400</postal>
               <country>United States</country>
            </cntaddr>
            <cntvoice>301-763-1128</cntvoice>
            <cntfax>301-763-4710</cntfax>
            <cntemail>geo.geography@census.gov</cntemail>
         </cntinfo>
      </distrib>
      <distliab>No warranty, expressed or implied is made with regard to the accuracy of these data, and no liability is assumed by the U.S. Government in general or the U.S. Census Bureau in specific as to the spatial or attribute accuracy of the data.  The act of distribution shall not constitute any such warranty and no responsibility is assumed by the U.S. government in the use of these files.  The boundary information in the TIGER/Line Shapefiles is for statistical data collection and tabulation purposes only; their depiction and designation for statistical purposes do not constitute a determination of jurisdictional authority or rights of ownership or entitlement and they are not legal land descriptions.</distliab>
      <stdorder>
         <digform>
            <digtinfo>
               <formname>TGRSHP (compressed)</formname>
               <filedec>PK-ZIP, version 1.93 A or higher</filedec>
            </digtinfo>
            <digtopt>
               <onlinopt>
                  <computer>
                     <networka>
                        <networkr>http://www2.census.gov/geo/tiger/TIGER2016/LINEARWATER/tl_2016_35049_linearwater.zip</networkr>
                     </networka>
                  </computer>
               </onlinopt>
            </digtopt>
         </digform>
         <fees>The online copy of the TIGER/Line Shapefiles may be accessed without charge.</fees>
         <ordering>To obtain more information about ordering TIGER/Line Shapefiles visit http://www.census.gov/geo/www/tiger </ordering>
      </stdorder>
      <techpreq>The TIGER/Line shapefiles contain geographic data only and do not include display mapping software or statistical data.  For information on how to use the TIGER/Line shapefile data with specific software package users shall contact the company that produced the software.</techpreq>
   </distinfo>
   <metainfo>
      <metd>20160601</metd>
      <metc>
         <cntinfo>
            <cntorgp>
               <cntorg>U.S. Department of Commerce, U.S. Census Bureau, Geography Division, Spatial Data Collection and Products Branch</cntorg>
            </cntorgp>
            <cntaddr>
               <addrtype>mailing</addrtype>
               <address>4600 Silver Hill Road, Stop 7400</address>
               <city>Washington</city>
               <state>DC</state>
               <postal>20233-7400</postal>
               <country>United States</country>
            </cntaddr>
            <cntvoice>301-763-1128</cntvoice>
            <cntfax>301-763-4710</cntfax>
            <cntemail>geo.geography@census.gov</cntemail>
         </cntinfo>
      </metc>
      <metstdn>FGDC Content Standards for Digital Geospatial Metadata</metstdn>
      <metstdv>FGDC-STD-001-1998</metstdv>
   </metainfo>
</metadata>